{
  "files": [
    {
      "filepath": "/Users/mbarnes/Desktop/Streamlit/streamlit-pivot-table/streamlit_pivot/frontend/src/engine/PivotData.bench.ts",
      "groups": [
        {
          "fullName": "src/engine/PivotData.bench.ts > PivotData computation benchmarks",
          "benchmarks": [
            {
              "id": "1929117761_0_0",
              "name": "small dataset (1K rows, 10x5 grid)",
              "rank": 1,
              "rme": 1.0876327350777588,
              "samples": [],
              "totalTime": 500.3799239999988,
              "min": 0.42000000000007276,
              "max": 2.9361659999999574,
              "hz": 2234.302269888835,
              "period": 0.44756701610017785,
              "mean": 0.44756701610017785,
              "variance": 0.00689620793660468,
              "sd": 0.0830434099528956,
              "sem": 0.0024836149890389175,
              "df": 1117,
              "critical": 1.96,
              "moe": 0.004867885378516278,
              "p75": 0.44820900000013353,
              "p99": 0.63474999999994,
              "p995": 0.6574580000000196,
              "p999": 0.7484159999999065,
              "sampleCount": 1118,
              "median": 0.4322080000000028
            },
            {
              "id": "1929117761_0_1",
              "name": "medium dataset (50K rows, 100x20 grid)",
              "rank": 2,
              "rme": 0.6341993119245101,
              "samples": [],
              "totalTime": 518.5579149999999,
              "min": 21.921124999999847,
              "max": 23.297582999999804,
              "hz": 44.353772904999445,
              "period": 22.54599630434782,
              "mean": 22.54599630434782,
              "variance": 0.10932027811212261,
              "sd": 0.33063617181446225,
              "sem": 0.0689424076319669,
              "df": 22,
              "critical": 2.074,
              "moe": 0.14298655342869934,
              "p75": 22.79254200000014,
              "p99": 23.297582999999804,
              "p995": 23.297582999999804,
              "p999": 23.297582999999804,
              "sampleCount": 23,
              "median": 22.523415999999997
            },
            {
              "id": "1929117761_0_2",
              "name": "multi-value medium (50K rows, 50x10x3 grid)",
              "rank": 3,
              "rme": 1.0085475557940016,
              "samples": [],
              "totalTime": 635.9227080000001,
              "min": 62.53583299999991,
              "max": 64.84904199999983,
              "hz": 15.725181494855502,
              "period": 63.59227080000001,
              "mean": 63.59227080000001,
              "variance": 0.8039262840610996,
              "sd": 0.8966193640899686,
              "sem": 0.2835359384736086,
              "df": 9,
              "critical": 2.262,
              "moe": 0.6413582928273026,
              "p75": 64.23700000000008,
              "p99": 64.84904199999983,
              "p995": 64.84904199999983,
              "p999": 64.84904199999983,
              "sampleCount": 10,
              "median": 63.45077100000003
            },
            {
              "id": "1929117761_0_3",
              "name": "stress dataset (200K rows, 500x20 grid)",
              "rank": 4,
              "rme": 7.242907200022368,
              "samples": [],
              "totalTime": 1044.5459590000014,
              "min": 99.50558300000012,
              "max": 134.24987499999997,
              "hz": 9.573537587157508,
              "period": 104.45459590000014,
              "mean": 104.45459590000014,
              "variance": 111.86539152999177,
              "sd": 10.576643679825457,
              "sem": 3.344628402827312,
              "df": 9,
              "critical": 2.262,
              "moe": 7.56554944719538,
              "p75": 102.40237499999967,
              "p99": 134.24987499999997,
              "p995": 134.24987499999997,
              "p999": 134.24987499999997,
              "sampleCount": 10,
              "median": 101.26087450000023
            }
          ]
        }
      ]
    }
  ]
}