{
  "files": [
    {
      "filepath": "/Users/mbarnes/Desktop/Streamlit/feature-demos/streamlit-pivot-table/streamlit_pivot_table/frontend/src/engine/PivotData.bench.ts",
      "groups": [
        {
          "fullName": "src/engine/PivotData.bench.ts > PivotData computation benchmarks",
          "benchmarks": [
            {
              "id": "1929117761_0_0",
              "name": "small dataset (1K rows, 10x5 grid)",
              "rank": 1,
              "rme": 1.1736743792736462,
              "samples": [],
              "totalTime": 500.2518590000019,
              "min": 0.4085420000000113,
              "max": 2.8338750000000346,
              "hz": 2284.849080390915,
              "period": 0.4376656684164496,
              "mean": 0.4376656684164496,
              "variance": 0.007850806941806886,
              "sd": 0.0886047794523912,
              "sem": 0.002620800927081949,
              "df": 1142,
              "critical": 1.96,
              "moe": 0.0051367698170806195,
              "p75": 0.44074999999998,
              "p99": 0.6415419999998448,
              "p995": 0.7592090000000553,
              "p999": 1.1935000000000855,
              "sampleCount": 1143,
              "median": 0.420708999999988
            },
            {
              "id": "1929117761_0_1",
              "name": "medium dataset (50K rows, 100x20 grid)",
              "rank": 2,
              "rme": 0.669974885462037,
              "samples": [],
              "totalTime": 512.8556669999991,
              "min": 21.757041999999956,
              "max": 23.116291000000047,
              "hz": 44.846925714091874,
              "period": 22.29807247826083,
              "mean": 22.29807247826083,
              "variance": 0.11933340251973194,
              "sd": 0.34544667102134874,
              "sem": 0.07203061019598361,
              "df": 22,
              "critical": 2.074,
              "moe": 0.14939148554647,
              "p75": 22.463500000000067,
              "p99": 23.116291000000047,
              "p995": 23.116291000000047,
              "p999": 23.116291000000047,
              "sampleCount": 23,
              "median": 22.253041999999823
            },
            {
              "id": "1929117761_0_2",
              "name": "multi-value medium (50K rows, 50x10x3 grid)",
              "rank": 3,
              "rme": 0.5156609282619167,
              "samples": [],
              "totalTime": 583.1648330000012,
              "min": 57.56754100000035,
              "max": 58.8611249999999,
              "hz": 17.147810420180086,
              "period": 58.316483300000115,
              "mean": 58.316483300000115,
              "variance": 0.1767363591254879,
              "sd": 0.4204002368285345,
              "sem": 0.13294222772523706,
              "df": 9,
              "critical": 2.262,
              "moe": 0.30071531911448623,
              "p75": 58.640084000000115,
              "p99": 58.8611249999999,
              "p995": 58.8611249999999,
              "p999": 58.8611249999999,
              "sampleCount": 10,
              "median": 58.452458000000206
            },
            {
              "id": "1929117761_0_3",
              "name": "stress dataset (200K rows, 500x20 grid)",
              "rank": 4,
              "rme": 12.354195466467642,
              "samples": [],
              "totalTime": 1023.3300009999998,
              "min": 93.79945799999996,
              "max": 144.74587499999961,
              "hz": 9.77201879181494,
              "period": 102.33300009999998,
              "mean": 102.33300009999998,
              "variance": 312.37419411586484,
              "sd": 17.674110843713322,
              "sem": 5.589044588441435,
              "df": 9,
              "critical": 2.262,
              "moe": 12.642418859054525,
              "p75": 94.9247090000008,
              "p99": 144.74587499999961,
              "p995": 144.74587499999961,
              "p999": 144.74587499999961,
              "sampleCount": 10,
              "median": 94.29916649999996
            }
          ]
        }
      ]
    }
  ]
}